nombre,apellido,correo,contraseña
usuario1,apellido1,usuario1@example.com,contraseña1
usuario2,apellido2,usuario2@example.com,contraseña2
usuario3,apellido3,usuario3@example.com,contraseña3
usuario4,apellido4,usuario4@example.com,contraseña4
usuario5,apellido5,usuario5@example.com,contraseña5
usuario6,apellido6,usuario6@example.com,contraseña6
usuario7,apellido7,usuario7@example.com,contraseña7
usuario8,apellido8,usuario8@example.com,contraseña8
usuario9,apellido9,usuario9@example.com,contraseña9
usuario10,apellido10,usuario10@example.com,contraseña10

